[
	{
		"id": 1,
        "Latitude": "-23.5975138",
        "Longitude": "-46.643593",
		"Descricao": "Hospital São Paulo",
   "endereco":"R. Napoleão de Barros, 715 - Vila Clementino, São Paulo - SP,",
    "nleitos":"150",
    "telefone":"(11) 5576-4522"
    },
    
  	{
		"id": 2,
    	"Latitude": "-23.5391146",
    	"Longitude": "-46.661836",
		"Descricao": "Hospital Samaritano ",
    "endereco":"R. Conselheiro Brotero, 1486 - Higienópolis, São Paulo - SP",
    "nleitos":"95",
    "telefone":"(11) 3821-5300"
  	},

    {
    "id": 3,
      "Latitude": "-23.5999606",
      "Longitude": "-46.7152547",
    "Descricao": "Hospital Albert Einstein ",
    "endereco":"Av. Albert Einstein, 627 - Jardim Leonor, São Paulo - SP",
    "nleitos":"200",
    "telefone":"(11) 2151-1233"
    }
]